<?xml version="1.0" ?>
<schema xmlns:xsi="http://www.w3.org/2001/XMLSchema-instance" xsi:noNamespaceSchemaLocation="urn:magento:framework:Setup/Declaration/Schema/etc/schema.xsd">
	<table comment="dragun_qorder_order Table" engine="innodb" name="dragun_qorder_order" resource="default">
		<column comment="Entity Id" identity="true" name="order_id" nullable="false" padding="6" unsigned="false" xsi:type="smallint"/>
		<constraint referenceId="PRIMARY" xsi:type="primary">
			<column name="order_id"/>
		</constraint>
		<column length="255" name="name" nullable="true" xsi:type="varchar"/>
		<column length="255" name="sku" nullable="true" xsi:type="varchar"/>
		<column length="255" name="phone" nullable="true" xsi:type="varchar"/>
		<column length="255" name="email" nullable="true" xsi:type="varchar"/>
		<column default="1" identity="false" name="status" nullable="false" xsi:type="int"/>
	</table>
	<table comment="dragun_qorder_status Table" engine="innodb" name="dragun_qorder_status" resource="default">
		<column comment="Entity Id" identity="true" name="status_id" nullable="false" padding="6" unsigned="false" xsi:type="smallint"/>
		<constraint referenceId="PRIMARY" xsi:type="primary">
			<column name="status_id"/>
		</constraint>
		<column length="255" name="status_code" nullable="true" xsi:type="varchar"/>
		<column length="255" name="label" nullable="true" xsi:type="varchar"/>
		<column default="0" identity="false" name="is_default" nullable="false" xsi:type="int"/>
	</table>
</schema>
